{
    "name": "chatrooms",
    "roles": [
        "chatrooms"
    ],
    "lookups": [
        "keywords"
    ],
    "keywords": [
        {
            "keyword": "Buckys Badger Den",
            "synonyms": [
                "Buckys Badger Den",
                "badger den",
                "buckys badger den",
                "buckys den"
            ]
        },
        {
            "keyword": "Engineering Hall Exchange",
            "synonyms": [
                "Engineering Hall Exchange",
                "engineer hall",
                "engineering hall",
                "engineering hall building"
            ]
        },
        {
            "keyword": "Grainger Hall Gatherings",
            "synonyms": [
                "Grainger Hall Gatherings",
                "grainger",
                "grainger building",
                "grainger hall"
            ]
        },
        {
            "keyword": "Kohl Center Kudos",
            "synonyms": [
                "Kohl Center Kudos",
                "kohl",
                "kohl center"
            ]
        },
        {
            "keyword": "Lakeshore Path Pioneers",
            "synonyms": [
                "Lakeshore Path Pioneers",
                "lakeshore",
                "lakeshore path"
            ]
        },
        {
            "keyword": "Picnic Point Pathfinders",
            "synonyms": [
                "Picnic Point Pathfinders",
                "picnic point",
                "picnic point path"
            ]
        },
        {
            "keyword": "Science Hall Scholars",
            "synonyms": [
                "Science Hall Scholars",
                "science",
                "science building",
                "science hall"
            ]
        },
        {
            "keyword": "Union South Socials",
            "synonyms": [
                "union south",
                "union south apartment",
                "union south building",
                "union south socials"
            ]
        }
    ]
}
