{
    "utterances": [
        {
            "text": "Am I logged in?",
            "entities": [],
            "traits": [],
            "intent": "whoami"
        },
        {
            "text": "HELP",
            "entities": [],
            "traits": [],
            "intent": "get_help"
        },
        {
            "text": "I need assistance.",
            "entities": [],
            "traits": [],
            "intent": "get_help"
        },
        {
            "text": "I need some help.",
            "entities": [],
            "traits": [],
            "intent": "get_help"
        },
        {
            "text": "I want an account.",
            "entities": [],
            "traits": [],
            "intent": "register"
        },
        {
            "text": "I want to add a new post to kohl.",
            "entities": [
                {
                    "entity": "chatrooms:chatrooms",
                    "start": 28,
                    "end": 32,
                    "body": "kohl",
                    "entities": []
                }
            ],
            "traits": [],
            "intent": "create_message"
        },
        {
            "text": "I want to create a message.",
            "entities": [],
            "traits": [],
            "intent": "create_message"
        },
        {
            "text": "I want to create an account.",
            "entities": [],
            "traits": [],
            "intent": "register"
        },
        {
            "text": "I want to log in.",
            "entities": [],
            "traits": [],
            "intent": "login"
        },
        {
            "text": "I want to log out.",
            "entities": [],
            "traits": [],
            "intent": "logout"
        },
        {
            "text": "I want to make a post.",
            "entities": [],
            "traits": [],
            "intent": "create_message"
        },
        {
            "text": "I want to post a message.",
            "entities": [],
            "traits": [],
            "intent": "create_message"
        },
        {
            "text": "I want to post in grainger.",
            "entities": [
                {
                    "entity": "chatrooms:chatrooms",
                    "start": 18,
                    "end": 26,
                    "body": "grainger",
                    "entities": []
                }
            ],
            "traits": [],
            "intent": "create_message"
        },
        {
            "text": "I want to register",
            "entities": [],
            "traits": [],
            "intent": "register"
        },
        {
            "text": "I want to sign in.",
            "entities": [],
            "traits": [],
            "intent": "login"
        },
        {
            "text": "I want to sign out.",
            "entities": [],
            "traits": [],
            "intent": "logout"
        },
        {
            "text": "I'd like to add a new post to badger den.",
            "entities": [
                {
                    "entity": "chatrooms:chatrooms",
                    "start": 30,
                    "end": 40,
                    "body": "badger den",
                    "entities": []
                }
            ],
            "traits": [],
            "intent": "create_message"
        },
        {
            "text": "I'd like to add a new post to grainger.",
            "entities": [
                {
                    "entity": "chatrooms:chatrooms",
                    "start": 30,
                    "end": 38,
                    "body": "grainger",
                    "entities": []
                }
            ],
            "traits": [],
            "intent": "create_message"
        },
        {
            "text": "I'd like to create a message.",
            "entities": [],
            "traits": [],
            "intent": "create_message"
        },
        {
            "text": "I'd like to create a post.",
            "entities": [],
            "traits": [],
            "intent": "create_message"
        },
        {
            "text": "I'd like to create an account.",
            "entities": [],
            "traits": [],
            "intent": "register"
        },
        {
            "text": "I'd like to know the latest message.",
            "entities": [],
            "traits": [],
            "intent": "get_messages"
        },
        {
            "text": "I'd like to know the latest post.",
            "entities": [],
            "traits": [],
            "intent": "get_messages"
        },
        {
            "text": "I'd like to log in.",
            "entities": [],
            "traits": [],
            "intent": "login"
        },
        {
            "text": "I'd like to log out.",
            "entities": [],
            "traits": [],
            "intent": "logout"
        },
        {
            "text": "I'd like to make a post.",
            "entities": [],
            "traits": [],
            "intent": "create_message"
        },
        {
            "text": "I'd like to post a message.",
            "entities": [],
            "traits": [],
            "intent": "create_message"
        },
        {
            "text": "I'd like to register.",
            "entities": [],
            "traits": [],
            "intent": "register"
        },
        {
            "text": "I'd like to sign in.",
            "entities": [],
            "traits": [],
            "intent": "login"
        },
        {
            "text": "I'd like to sign out.",
            "entities": [],
            "traits": [],
            "intent": "logout"
        },
        {
            "text": "I'd like to sign up.",
            "entities": [],
            "traits": [],
            "intent": "register"
        },
        {
            "text": "I'd login.",
            "entities": [],
            "traits": [],
            "intent": "login"
        },
        {
            "text": "Who am I logged in as?",
            "entities": [],
            "traits": [],
            "intent": "whoami"
        },
        {
            "text": "Who am I?",
            "entities": [],
            "traits": [],
            "intent": "whoami"
        },
        {
            "text": "add a new post",
            "entities": [],
            "traits": [],
            "intent": "create_message"
        },
        {
            "text": "add a new post to kohl",
            "entities": [
                {
                    "entity": "chatrooms:chatrooms",
                    "start": 18,
                    "end": 22,
                    "body": "kohl",
                    "entities": []
                }
            ],
            "traits": [],
            "intent": "create_message"
        },
        {
            "text": "am I logged in",
            "entities": [],
            "traits": [],
            "intent": "whoami"
        },
        {
            "text": "can i get some help from you?",
            "entities": [],
            "traits": [],
            "intent": "get_help"
        },
        {
            "text": "can you give me a hand",
            "entities": [],
            "traits": [],
            "intent": "get_help"
        },
        {
            "text": "can you help me?",
            "entities": [],
            "traits": [],
            "intent": "get_help"
        },
        {
            "text": "chatrooms",
            "entities": [],
            "traits": [],
            "intent": "get_chatrooms"
        },
        {
            "text": "create a message",
            "entities": [],
            "traits": [],
            "intent": "create_message"
        },
        {
            "text": "create a message to kohl",
            "entities": [
                {
                    "entity": "chatrooms:chatrooms",
                    "start": 20,
                    "end": 24,
                    "body": "kohl",
                    "entities": []
                }
            ],
            "traits": [],
            "intent": "create_message"
        },
        {
            "text": "create a post",
            "entities": [],
            "traits": [],
            "intent": "create_message"
        },
        {
            "text": "create an account",
            "entities": [],
            "traits": [],
            "intent": "register"
        },
        {
            "text": "get chatrooms",
            "entities": [],
            "traits": [],
            "intent": "get_chatrooms"
        },
        {
            "text": "get help",
            "entities": [],
            "traits": [],
            "intent": "get_help"
        },
        {
            "text": "get me 3 latest messages",
            "entities": [
                {
                    "entity": "wit$number:number",
                    "start": 7,
                    "end": 8,
                    "body": "3",
                    "entities": []
                }
            ],
            "traits": [],
            "intent": "get_messages"
        },
        {
            "text": "get me the 4 latest posts",
            "entities": [],
            "traits": [],
            "intent": "get_messages"
        },
        {
            "text": "get me the 5 latest messages from grainger",
            "entities": [
                {
                    "entity": "wit$number:number",
                    "start": 11,
                    "end": 12,
                    "body": "5",
                    "entities": []
                },
                {
                    "entity": "chatrooms:chatrooms",
                    "start": 34,
                    "end": 42,
                    "body": "grainger",
                    "entities": []
                }
            ],
            "traits": [],
            "intent": "get_messages"
        },
        {
            "text": "get messages",
            "entities": [],
            "traits": [],
            "intent": "get_messages"
        },
        {
            "text": "give me a list of chatrooms",
            "entities": [],
            "traits": [],
            "intent": "get_chatrooms"
        },
        {
            "text": "give me the 2 latest messages",
            "entities": [
                {
                    "entity": "wit$number:number",
                    "start": 12,
                    "end": 13,
                    "body": "2",
                    "entities": []
                }
            ],
            "traits": [],
            "intent": "get_messages"
        },
        {
            "text": "help",
            "entities": [],
            "traits": [],
            "intent": "get_help"
        },
        {
            "text": "help me",
            "entities": [],
            "traits": [],
            "intent": "get_help"
        },
        {
            "text": "help me a little bit",
            "entities": [],
            "traits": [],
            "intent": "get_help"
        },
        {
            "text": "help me sign up",
            "entities": [],
            "traits": [],
            "intent": "register"
        },
        {
            "text": "help me with signup",
            "entities": [],
            "traits": [],
            "intent": "register"
        },
        {
            "text": "how many chatrooms are there?",
            "entities": [],
            "traits": [],
            "intent": "get_chatrooms"
        },
        {
            "text": "how many chatrooms do you have?",
            "entities": [],
            "traits": [],
            "intent": "get_chatrooms"
        },
        {
            "text": "is there any chatroom?",
            "entities": [],
            "traits": [],
            "intent": "get_chatrooms"
        },
        {
            "text": "list the chatrooms",
            "entities": [],
            "traits": [],
            "intent": "get_chatrooms"
        },
        {
            "text": "log in",
            "entities": [],
            "traits": [],
            "intent": "login"
        },
        {
            "text": "log me in",
            "entities": [],
            "traits": [],
            "intent": "login"
        },
        {
            "text": "log me out",
            "entities": [],
            "traits": [],
            "intent": "logout"
        },
        {
            "text": "log out",
            "entities": [],
            "traits": [],
            "intent": "logout"
        },
        {
            "text": "login",
            "entities": [],
            "traits": [],
            "intent": "login"
        },
        {
            "text": "logout",
            "entities": [],
            "traits": [],
            "intent": "logout"
        },
        {
            "text": "make a message",
            "entities": [],
            "traits": [],
            "intent": "create_message"
        },
        {
            "text": "make a post",
            "entities": [],
            "traits": [],
            "intent": "create_message"
        },
        {
            "text": "make a post in union south",
            "entities": [
                {
                    "entity": "chatrooms:chatrooms",
                    "start": 15,
                    "end": 26,
                    "body": "union south",
                    "entities": []
                }
            ],
            "traits": [],
            "intent": "create_message"
        },
        {
            "text": "messages",
            "entities": [],
            "traits": [],
            "intent": "get_messages"
        },
        {
            "text": "please sign out",
            "entities": [],
            "traits": [],
            "intent": "logout"
        },
        {
            "text": "post a message",
            "entities": [],
            "traits": [],
            "intent": "create_message"
        },
        {
            "text": "post a message to grainger",
            "entities": [
                {
                    "entity": "chatrooms:chatrooms",
                    "start": 18,
                    "end": 26,
                    "body": "grainger",
                    "entities": []
                }
            ],
            "traits": [],
            "intent": "create_message"
        },
        {
            "text": "post a message to picnic point",
            "entities": [
                {
                    "entity": "chatrooms:chatrooms",
                    "start": 18,
                    "end": 30,
                    "body": "picnic point",
                    "entities": []
                }
            ],
            "traits": [],
            "intent": "create_message"
        },
        {
            "text": "register",
            "entities": [],
            "traits": [],
            "intent": "register"
        },
        {
            "text": "show my user info",
            "entities": [],
            "traits": [],
            "intent": "whoami"
        },
        {
            "text": "show my user information",
            "entities": [],
            "traits": [],
            "intent": "whoami"
        },
        {
            "text": "sign in",
            "entities": [],
            "traits": [],
            "intent": "login"
        },
        {
            "text": "sign me in",
            "entities": [],
            "traits": [],
            "intent": "login"
        },
        {
            "text": "sign me out",
            "entities": [],
            "traits": [],
            "intent": "logout"
        },
        {
            "text": "sign me up",
            "entities": [],
            "traits": [],
            "intent": "register"
        },
        {
            "text": "sign out",
            "entities": [],
            "traits": [],
            "intent": "logout"
        },
        {
            "text": "signin",
            "entities": [],
            "traits": [],
            "intent": "login"
        },
        {
            "text": "signout",
            "entities": [],
            "traits": [],
            "intent": "logout"
        },
        {
            "text": "signup",
            "entities": [],
            "traits": [],
            "intent": "register"
        },
        {
            "text": "the latest 9 posts",
            "entities": [
                {
                    "entity": "wit$number:number",
                    "start": 11,
                    "end": 12,
                    "body": "9",
                    "entities": []
                }
            ],
            "traits": [],
            "intent": "get_messages"
        },
        {
            "text": "the latest message",
            "entities": [],
            "traits": [],
            "intent": "get_help"
        },
        {
            "text": "the latest post",
            "entities": [],
            "traits": [],
            "intent": "get_messages"
        },
        {
            "text": "what are the 5 latest posts in Union South Socials",
            "entities": [
                {
                    "entity": "wit$number:number",
                    "start": 13,
                    "end": 14,
                    "body": "5",
                    "entities": []
                }
            ],
            "traits": [],
            "intent": "get_messages"
        },
        {
            "text": "what are the 6 latest messages",
            "entities": [
                {
                    "entity": "wit$number:number",
                    "start": 13,
                    "end": 14,
                    "body": "6",
                    "entities": []
                }
            ],
            "traits": [],
            "intent": "get_messages"
        },
        {
            "text": "what are the 8 latest posts",
            "entities": [
                {
                    "entity": "wit$number:number",
                    "start": 13,
                    "end": 14,
                    "body": "8",
                    "entities": []
                }
            ],
            "traits": [],
            "intent": "get_messages"
        },
        {
            "text": "what are the latest 3 posts in Union South Socials",
            "entities": [
                {
                    "entity": "wit$number:number",
                    "start": 20,
                    "end": 21,
                    "body": "3",
                    "entities": []
                },
                {
                    "entity": "chatrooms:chatrooms",
                    "start": 31,
                    "end": 50,
                    "body": "Union South Socials",
                    "entities": []
                }
            ],
            "traits": [],
            "intent": "get_messages"
        },
        {
            "text": "what are the latest 4 posts in kohl center?",
            "entities": [
                {
                    "entity": "wit$number:number",
                    "start": 20,
                    "end": 21,
                    "body": "4",
                    "entities": []
                },
                {
                    "entity": "chatrooms:chatrooms",
                    "start": 31,
                    "end": 42,
                    "body": "kohl center",
                    "entities": []
                }
            ],
            "traits": [],
            "intent": "get_messages"
        },
        {
            "text": "what are the latest posts in Union South Socials",
            "entities": [
                {
                    "entity": "chatrooms:chatrooms",
                    "start": 29,
                    "end": 48,
                    "body": "Union South Socials",
                    "entities": []
                }
            ],
            "traits": [],
            "intent": "get_messages"
        },
        {
            "text": "what can I do",
            "entities": [],
            "traits": [],
            "intent": "get_help"
        },
        {
            "text": "what chatrooms are there",
            "entities": [],
            "traits": [],
            "intent": "get_chatrooms"
        },
        {
            "text": "what chatrooms can I use?",
            "entities": [],
            "traits": [],
            "intent": "get_chatrooms"
        },
        {
            "text": "what is the latest message",
            "entities": [],
            "traits": [],
            "intent": "get_messages"
        },
        {
            "text": "what is the latest post",
            "entities": [],
            "traits": [],
            "intent": "get_messages"
        },
        {
            "text": "what user am I?",
            "entities": [],
            "traits": [],
            "intent": "whoami"
        },
        {
            "text": "who am I",
            "entities": [],
            "traits": [],
            "intent": "whoami"
        },
        {
            "text": "who am I logged in as",
            "entities": [],
            "traits": [],
            "intent": "whoami"
        },
        {
            "text": "who am i logged in as",
            "entities": [],
            "traits": [],
            "intent": "whoami"
        }
    ]
}
