{
    "name": "available_items",
    "roles": [
        "available_items"
    ],
    "lookups": [
        "keywords"
    ],
    "keywords": [
        {
            "keyword": "apple",
            "synonyms": [
                "apple"
            ]
        },
        {
            "keyword": "bagel",
            "synonyms": [
                "bagel"
            ]
        },
        {
            "keyword": "coconut",
            "synonyms": [
                "coconut"
            ]
        },
        {
            "keyword": "donut",
            "synonyms": [
                "donut"
            ]
        },
        {
            "keyword": "egg",
            "synonyms": [
                "egg"
            ]
        }
    ]
}
