{
    "utterances": [
        {
            "text": "Can I checkout now?",
            "entities": [],
            "traits": [],
            "intent": "checkout"
        },
        {
            "text": "Can I see my basket contents?",
            "entities": [],
            "traits": [],
            "intent": "view_cart"
        },
        {
            "text": "Can you help me?",
            "entities": [],
            "traits": [],
            "intent": "get_help"
        },
        {
            "text": "I am done.",
            "entities": [],
            "traits": [],
            "intent": "checkout"
        },
        {
            "text": "I got all I need today.",
            "entities": [],
            "traits": [],
            "intent": "checkout"
        },
        {
            "text": "I need some help!",
            "entities": [],
            "traits": [],
            "intent": "get_help"
        },
        {
            "text": "I want to buy something.",
            "entities": [],
            "traits": [],
            "intent": "get_items"
        },
        {
            "text": "I want to checkout.",
            "entities": [],
            "traits": [],
            "intent": "checkout"
        },
        {
            "text": "I'm done with my shopping.",
            "entities": [],
            "traits": [],
            "intent": "checkout"
        },
        {
            "text": "I'm finished shopping.",
            "entities": [],
            "traits": [],
            "intent": "checkout"
        },
        {
            "text": "Is there anything that I can buy?",
            "entities": [],
            "traits": [],
            "intent": "get_items"
        },
        {
            "text": "Please checkout.",
            "entities": [],
            "traits": [],
            "intent": "checkout"
        },
        {
            "text": "Shopping finished.",
            "entities": [],
            "traits": [],
            "intent": "checkout"
        },
        {
            "text": "That's all for today's shopping.",
            "entities": [],
            "traits": [],
            "intent": "checkout"
        },
        {
            "text": "What can I do?",
            "entities": [],
            "traits": [],
            "intent": "get_help"
        },
        {
            "text": "add 4 bagels",
            "entities": [
                {
                    "entity": "available_items:available_items",
                    "start": 6,
                    "end": 11,
                    "body": "bagel",
                    "entities": []
                },
                {
                    "entity": "wit$number:number",
                    "start": 4,
                    "end": 5,
                    "body": "4",
                    "entities": []
                }
            ],
            "traits": [],
            "intent": "add_item"
        },
        {
            "text": "add 7 apples",
            "entities": [
                {
                    "entity": "available_items:available_items",
                    "start": 6,
                    "end": 11,
                    "body": "apple",
                    "entities": []
                }
            ],
            "traits": [],
            "intent": "add_item"
        },
        {
            "text": "add 7 apples in my cart",
            "entities": [
                {
                    "entity": "available_items:available_items",
                    "start": 6,
                    "end": 11,
                    "body": "apple",
                    "entities": []
                }
            ],
            "traits": [],
            "intent": "add_item"
        },
        {
            "text": "add 7 apples to my cart",
            "entities": [
                {
                    "entity": "available_items:available_items",
                    "start": 6,
                    "end": 11,
                    "body": "apple",
                    "entities": []
                }
            ],
            "traits": [],
            "intent": "add_item"
        },
        {
            "text": "add 7 bagels",
            "entities": [
                {
                    "entity": "available_items:available_items",
                    "start": 6,
                    "end": 11,
                    "body": "bagel",
                    "entities": []
                }
            ],
            "traits": [],
            "intent": "add_item"
        },
        {
            "text": "add 7 coconuts",
            "entities": [
                {
                    "entity": "available_items:available_items",
                    "start": 6,
                    "end": 13,
                    "body": "coconut",
                    "entities": []
                }
            ],
            "traits": [],
            "intent": "add_item"
        },
        {
            "text": "add 7 donuts",
            "entities": [
                {
                    "entity": "available_items:available_items",
                    "start": 6,
                    "end": 11,
                    "body": "donut",
                    "entities": []
                }
            ],
            "traits": [],
            "intent": "add_item"
        },
        {
            "text": "add 7 donuts to my cart",
            "entities": [
                {
                    "entity": "available_items:available_items",
                    "start": 6,
                    "end": 11,
                    "body": "donut",
                    "entities": []
                }
            ],
            "traits": [],
            "intent": "add_item"
        },
        {
            "text": "add 7 eggs",
            "entities": [],
            "traits": [],
            "intent": "add_item"
        },
        {
            "text": "add 7 eggs to my cart",
            "entities": [
                {
                    "entity": "available_items:available_items",
                    "start": 6,
                    "end": 9,
                    "body": "egg",
                    "entities": []
                }
            ],
            "traits": [],
            "intent": "add_item"
        },
        {
            "text": "add a bagel to my basket",
            "entities": [
                {
                    "entity": "available_items:available_items",
                    "start": 6,
                    "end": 11,
                    "body": "bagel",
                    "entities": []
                }
            ],
            "traits": [],
            "intent": "add_item"
        },
        {
            "text": "add a coconut to my basket",
            "entities": [
                {
                    "entity": "available_items:available_items",
                    "start": 6,
                    "end": 13,
                    "body": "coconut",
                    "entities": []
                }
            ],
            "traits": [],
            "intent": "add_item"
        },
        {
            "text": "add a donut to my basket",
            "entities": [
                {
                    "entity": "available_items:available_items",
                    "start": 6,
                    "end": 11,
                    "body": "donut",
                    "entities": []
                }
            ],
            "traits": [],
            "intent": "add_item"
        },
        {
            "text": "add an apple to my basket",
            "entities": [
                {
                    "entity": "available_items:available_items",
                    "start": 7,
                    "end": 12,
                    "body": "apple",
                    "entities": []
                }
            ],
            "traits": [],
            "intent": "add_item"
        },
        {
            "text": "add an egg to my basket",
            "entities": [
                {
                    "entity": "available_items:available_items",
                    "start": 7,
                    "end": 10,
                    "body": "egg",
                    "entities": []
                }
            ],
            "traits": [],
            "intent": "add_item"
        },
        {
            "text": "checkout",
            "entities": [],
            "traits": [],
            "intent": "checkout"
        },
        {
            "text": "checkout please",
            "entities": [],
            "traits": [],
            "intent": "checkout"
        },
        {
            "text": "delete 4 apples from my cart",
            "entities": [
                {
                    "entity": "wit$number:number",
                    "start": 7,
                    "end": 8,
                    "body": "4",
                    "entities": []
                },
                {
                    "entity": "available_items:available_items",
                    "start": 9,
                    "end": 14,
                    "body": "apple",
                    "entities": []
                }
            ],
            "traits": [],
            "intent": "remove_item"
        },
        {
            "text": "delete 4 bagels from my cart",
            "entities": [
                {
                    "entity": "wit$number:number",
                    "start": 7,
                    "end": 8,
                    "body": "4",
                    "entities": []
                },
                {
                    "entity": "available_items:available_items",
                    "start": 9,
                    "end": 14,
                    "body": "bagel",
                    "entities": []
                }
            ],
            "traits": [],
            "intent": "remove_item"
        },
        {
            "text": "delete 4 coconuts from my cart",
            "entities": [
                {
                    "entity": "wit$number:number",
                    "start": 7,
                    "end": 8,
                    "body": "4",
                    "entities": []
                },
                {
                    "entity": "available_items:available_items",
                    "start": 9,
                    "end": 16,
                    "body": "coconut",
                    "entities": []
                }
            ],
            "traits": [],
            "intent": "remove_item"
        },
        {
            "text": "delete 4 donuts from my cart",
            "entities": [
                {
                    "entity": "wit$number:number",
                    "start": 7,
                    "end": 8,
                    "body": "4",
                    "entities": []
                },
                {
                    "entity": "available_items:available_items",
                    "start": 9,
                    "end": 14,
                    "body": "donut",
                    "entities": []
                }
            ],
            "traits": [],
            "intent": "remove_item"
        },
        {
            "text": "delete 4 eggs from my cart",
            "entities": [
                {
                    "entity": "wit$number:number",
                    "start": 7,
                    "end": 8,
                    "body": "4",
                    "entities": []
                },
                {
                    "entity": "available_items:available_items",
                    "start": 9,
                    "end": 12,
                    "body": "egg",
                    "entities": []
                }
            ],
            "traits": [],
            "intent": "remove_item"
        },
        {
            "text": "done shopping",
            "entities": [],
            "traits": [],
            "intent": "checkout"
        },
        {
            "text": "get help",
            "entities": [],
            "traits": [],
            "intent": "get_help"
        },
        {
            "text": "give me a hand",
            "entities": [],
            "traits": [],
            "intent": "get_help"
        },
        {
            "text": "help",
            "entities": [],
            "traits": [],
            "intent": "get_help"
        },
        {
            "text": "help me",
            "entities": [],
            "traits": [],
            "intent": "get_help"
        },
        {
            "text": "how much is a bagel?",
            "entities": [],
            "traits": [],
            "intent": "get_price"
        },
        {
            "text": "how much is a coconut?",
            "entities": [],
            "traits": [],
            "intent": "get_price"
        },
        {
            "text": "how much is a donut?",
            "entities": [],
            "traits": [],
            "intent": "get_price"
        },
        {
            "text": "how much is an apple?",
            "entities": [],
            "traits": [],
            "intent": "get_price"
        },
        {
            "text": "how much is an egg?",
            "entities": [],
            "traits": [],
            "intent": "get_price"
        },
        {
            "text": "put 4 apples in my cart",
            "entities": [
                {
                    "entity": "available_items:available_items",
                    "start": 6,
                    "end": 11,
                    "body": "apple",
                    "entities": []
                }
            ],
            "traits": [],
            "intent": "add_item"
        },
        {
            "text": "put 4 bagels in my cart",
            "entities": [
                {
                    "entity": "available_items:available_items",
                    "start": 6,
                    "end": 11,
                    "body": "bagel",
                    "entities": []
                }
            ],
            "traits": [],
            "intent": "add_item"
        },
        {
            "text": "put 4 coconuts in my cart",
            "entities": [
                {
                    "entity": "available_items:available_items",
                    "start": 6,
                    "end": 13,
                    "body": "coconut",
                    "entities": []
                }
            ],
            "traits": [],
            "intent": "add_item"
        },
        {
            "text": "put 4 donuts in my cart",
            "entities": [
                {
                    "entity": "available_items:available_items",
                    "start": 6,
                    "end": 11,
                    "body": "donut",
                    "entities": []
                }
            ],
            "traits": [],
            "intent": "add_item"
        },
        {
            "text": "put 4 eggs in my cart",
            "entities": [
                {
                    "entity": "available_items:available_items",
                    "start": 6,
                    "end": 9,
                    "body": "egg",
                    "entities": []
                }
            ],
            "traits": [],
            "intent": "add_item"
        },
        {
            "text": "remove 2 kiwis",
            "entities": [
                {
                    "entity": "wit$number:number",
                    "start": 7,
                    "end": 8,
                    "body": "2",
                    "entities": []
                }
            ],
            "traits": [],
            "intent": "remove_item"
        },
        {
            "text": "remove 5 eggs",
            "entities": [],
            "traits": [],
            "intent": "remove_item"
        },
        {
            "text": "remove 7 apples",
            "entities": [
                {
                    "entity": "wit$number:number",
                    "start": 7,
                    "end": 8,
                    "body": "7",
                    "entities": []
                },
                {
                    "entity": "available_items:available_items",
                    "start": 9,
                    "end": 14,
                    "body": "apple",
                    "entities": []
                }
            ],
            "traits": [],
            "intent": "remove_item"
        },
        {
            "text": "remove 7 bagels",
            "entities": [
                {
                    "entity": "wit$number:number",
                    "start": 7,
                    "end": 8,
                    "body": "7",
                    "entities": []
                }
            ],
            "traits": [],
            "intent": "remove_item"
        },
        {
            "text": "remove 7 coconuts",
            "entities": [
                {
                    "entity": "wit$number:number",
                    "start": 7,
                    "end": 8,
                    "body": "7",
                    "entities": []
                },
                {
                    "entity": "available_items:available_items",
                    "start": 9,
                    "end": 16,
                    "body": "coconut",
                    "entities": []
                }
            ],
            "traits": [],
            "intent": "remove_item"
        },
        {
            "text": "remove 7 donuts",
            "entities": [
                {
                    "entity": "available_items:available_items",
                    "start": 9,
                    "end": 14,
                    "body": "donut",
                    "entities": []
                },
                {
                    "entity": "wit$number:number",
                    "start": 7,
                    "end": 8,
                    "body": "7",
                    "entities": []
                }
            ],
            "traits": [],
            "intent": "remove_item"
        },
        {
            "text": "remove 7 eggs",
            "entities": [
                {
                    "entity": "wit$number:number",
                    "start": 7,
                    "end": 8,
                    "body": "7",
                    "entities": []
                },
                {
                    "entity": "available_items:available_items",
                    "start": 9,
                    "end": 12,
                    "body": "egg",
                    "entities": []
                }
            ],
            "traits": [],
            "intent": "remove_item"
        },
        {
            "text": "remove a bagel from my basket",
            "entities": [
                {
                    "entity": "available_items:available_items",
                    "start": 9,
                    "end": 14,
                    "body": "bagel",
                    "entities": []
                }
            ],
            "traits": [],
            "intent": "remove_item"
        },
        {
            "text": "remove a banana",
            "entities": [],
            "traits": [],
            "intent": "remove_item"
        },
        {
            "text": "remove a coconut from my basket",
            "entities": [
                {
                    "entity": "available_items:available_items",
                    "start": 9,
                    "end": 16,
                    "body": "coconut",
                    "entities": []
                }
            ],
            "traits": [],
            "intent": "remove_item"
        },
        {
            "text": "remove a donut from my basket",
            "entities": [
                {
                    "entity": "available_items:available_items",
                    "start": 9,
                    "end": 14,
                    "body": "donut",
                    "entities": []
                }
            ],
            "traits": [],
            "intent": "remove_item"
        },
        {
            "text": "remove an apple from my basket",
            "entities": [
                {
                    "entity": "available_items:available_items",
                    "start": 10,
                    "end": 15,
                    "body": "apple",
                    "entities": []
                }
            ],
            "traits": [],
            "intent": "remove_item"
        },
        {
            "text": "remove an egg from my basket",
            "entities": [
                {
                    "entity": "available_items:available_items",
                    "start": 10,
                    "end": 13,
                    "body": "egg",
                    "entities": []
                }
            ],
            "traits": [],
            "intent": "remove_item"
        },
        {
            "text": "show me what I have in my cart",
            "entities": [],
            "traits": [],
            "intent": "view_cart"
        },
        {
            "text": "view my basket",
            "entities": [],
            "traits": [],
            "intent": "view_cart"
        },
        {
            "text": "view my cart",
            "entities": [],
            "traits": [],
            "intent": "view_cart"
        },
        {
            "text": "view what's in my basket",
            "entities": [],
            "traits": [],
            "intent": "view_cart"
        },
        {
            "text": "view what's in my cart",
            "entities": [],
            "traits": [],
            "intent": "view_cart"
        },
        {
            "text": "what can I buy?",
            "entities": [],
            "traits": [],
            "intent": "get_items"
        },
        {
            "text": "what does a bagel cost?",
            "entities": [],
            "traits": [],
            "intent": "get_price"
        },
        {
            "text": "what does a coconut cost?",
            "entities": [],
            "traits": [],
            "intent": "get_price"
        },
        {
            "text": "what does a donut cost?",
            "entities": [],
            "traits": [],
            "intent": "get_price"
        },
        {
            "text": "what does an apple cost?",
            "entities": [],
            "traits": [],
            "intent": "get_price"
        },
        {
            "text": "what does an egg cost?",
            "entities": [],
            "traits": [],
            "intent": "get_price"
        },
        {
            "text": "what is available?",
            "entities": [],
            "traits": [],
            "intent": "get_items"
        },
        {
            "text": "what items are there?",
            "entities": [],
            "traits": [],
            "intent": "get_items"
        },
        {
            "text": "what items can I get?",
            "entities": [],
            "traits": [],
            "intent": "get_items"
        },
        {
            "text": "what's in my cart?",
            "entities": [],
            "traits": [],
            "intent": "view_cart"
        },
        {
            "text": "what's the price of a bagel?",
            "entities": [],
            "traits": [],
            "intent": "get_price"
        },
        {
            "text": "what's the price of a coconut?",
            "entities": [],
            "traits": [],
            "intent": "get_price"
        },
        {
            "text": "what's the price of a donut?",
            "entities": [],
            "traits": [],
            "intent": "get_price"
        },
        {
            "text": "what's the price of an apple?",
            "entities": [],
            "traits": [],
            "intent": "get_price"
        }
    ]
}
